path,sha256,size_bytes,modified_utc
checkpoints/bachelor_safe_v2/lstm_seed1024.pt,6827ecc3137eb68437470f4a5a6520f570fb9155e9002721661d8559c9df2418,120919,2026-05-06T09:55:30.134230+00:00
checkpoints/bachelor_safe_v2/lstm_seed123.pt,460cc75508869de940e24fac5d81c1a5a44a809d6ef521b2b179dd27251e6892,120910,2026-05-06T09:54:57.116992+00:00
checkpoints/bachelor_safe_v2/lstm_seed42.pt,a5e27d7ed36311f84e9320ed12b4906846fceee0d0496eedc388eb8066259536,120901,2026-05-06T09:54:47.311720+00:00
checkpoints/bachelor_safe_v2/lstm_seed456.pt,1f3aba43551741103a047dc86ddeadbe23f5828874f82c759df009ba6ae8fff7,120910,2026-05-06T09:55:10.752124+00:00
checkpoints/bachelor_safe_v2/lstm_seed789.pt,414dd72cfb52cc6ae6117f95ccfd1d203913c5d1fcd714a342b35cfaec1b36c7,120910,2026-05-06T09:55:21.145721+00:00
checkpoints/bachelor_safe_v2/mlp_seed1024.pt,385d09a710976a3d8b46f01ea488e2c4c31f1a3be371c4de5ff724ae2f7b90fa,500497,2026-05-06T09:54:38.406657+00:00
checkpoints/bachelor_safe_v2/mlp_seed123.pt,d26a7a4cec3dfed96d7476f693480475c3b150d13db2874c6379c64b49c30f3b,500485,2026-05-06T09:54:21.418181+00:00
checkpoints/bachelor_safe_v2/mlp_seed42.pt,cfefb6f950d3b5e8515e90503f04ec2bbed1fe0f4aa10b89adb44a8930aa4b88,500473,2026-05-06T09:54:14.501281+00:00
checkpoints/bachelor_safe_v2/mlp_seed456.pt,98b3ac47678e27119ef1c573813a8485bca24afdb592f159bf7e4a87aff571ec,500485,2026-05-06T09:54:25.790890+00:00
checkpoints/bachelor_safe_v2/mlp_seed789.pt,e848e5300e44b8508e460fb15ed7262c6b648e5ea148ca4f537c2b7e12a1403a,500485,2026-05-06T09:54:32.405295+00:00
checkpoints/bachelor_safe_v2/tft_seed1024.ckpt,d2c516c6079c4c24a756ace627eaa6a1a637332962087f18d037588c41b57ff8,495405,2026-05-06T10:27:51.969670+00:00
checkpoints/bachelor_safe_v2/tft_seed123.ckpt,be56df57683cf68df423066b5c104ebbe065ea79946da76f0acdeed31121b15a,495405,2026-05-06T10:04:44.408036+00:00
checkpoints/bachelor_safe_v2/tft_seed42.ckpt,a03c76c211d3d20ba6eb2409ebc9a2f4660c1c6210d4bdd60fa3bea7cebdc375,495405,2026-05-06T09:57:16.868812+00:00
checkpoints/bachelor_safe_v2/tft_seed456.ckpt,226aa674cdaafc760d7a11ddb191b61c3d0c54abb7e4911d7105b9fa32412ad2,495405,2026-05-06T10:10:46.150049+00:00
checkpoints/bachelor_safe_v2/tft_seed789.ckpt,41202487a616728eb38e965b96726792eb118fb385df6407a2af09d46ef6b24c,495405,2026-05-06T10:24:12.992578+00:00
data/ETTh1.csv,f18de3ad269cef59bb07b5438d79bb3042d3be49bdeecf01c1cd6d29695ee066,2589657,2026-03-07T22:14:21.923430+00:00
docs/_generated/bootstrap_full.md,7cba6415da95e9d144281182314a3e0746c339494b5292873495a88f8e6375d8,1864,2026-05-06T10:36:11.169405+00:00
docs/_generated/bootstrap_headline.md,597b9d3759076c16fa075269db7449adc31fc100409e5b09be3de26fa2b35df2,471,2026-05-06T10:36:11.168385+00:00
docs/_generated/complexity_table.md,a09ade4c57f56e921400c497fc78f0f064eebaa1fb05e587d6528c2c15702fad,690,2026-05-06T10:36:11.169405+00:00
docs/_generated/overall_metrics_table.md,e4056c9aec58aceda1ffa37bda73e53a0f84bbfbcd04ae6a163b77bbc87c2a9a,587,2026-05-06T10:36:11.168385+00:00
docs/_generated/per_seed_table.md,9672c66c6d19783c627594b6d461401fbbe24c493a38a53f73b99c6b53c071a5,1092,2026-05-06T10:36:11.168385+00:00
docs/_generated/pipeline_status_table.md,598e67ddfc3d7dbe7eed199b17dd9bf45c03f140309fd4929f9c3d236ad563a4,2200,2026-05-06T09:21:15.971185+00:00
docs/_generated/status_summary.md,5e94237f03f143961e17f3a2338fa3054e0fac70d153231c82a490070a738f91,379,2026-05-06T21:19:41.351772+00:00
reports/figures/main/fig_01_dataset_overview.pdf,5fbe1dae9b9e5d3fae45c293b92c361712cff6a1ae5581ef1bea6b60976f727f,347697,2026-05-06T10:36:12.232443+00:00
reports/figures/main/fig_01_dataset_overview.png,9c13dc4e32378f282b79c628d331ddb057fecf851cfdfee6fe63a01cb54f5491,556761,2026-05-06T10:36:12.598868+00:00
reports/figures/main/fig_02_train_test_split.pdf,3b3b713f786d31a50fb0101af3dfb8f92e366b9de6bea2a5604e15dc8d683c38,22289,2026-05-06T10:36:12.768117+00:00
reports/figures/main/fig_02_train_test_split.png,e0f7c87bc037ea5f57fd1e6fed2fd7c344cdaa1e3557649920b6868acec1d845,75314,2026-05-06T10:36:12.825687+00:00
reports/figures/main/fig_03_pipeline_architecture.pdf,c8b3fbd7a47f9e90c7858070312251e1b78b78575621726f9d6c8b0447cc7089,20514,2026-05-06T10:36:12.980405+00:00
reports/figures/main/fig_03_pipeline_architecture.png,20dcc603043e1712f13055e77b91b5e769aff5088350499521042105affcb4cb,150979,2026-05-06T10:36:13.067526+00:00
reports/figures/main/fig_04_model_performance_comparison.pdf,55a144bb8a7cfd405e2d005ea78a0bbf95aa309b210a47ed952aa537b986de80,17415,2026-05-06T10:36:13.273081+00:00
reports/figures/main/fig_04_model_performance_comparison.png,e076c238d357c4ef04fac37f096321c44e0319191f0a615e814fd2531cc27c83,140760,2026-05-06T10:36:13.389713+00:00
reports/figures/main/fig_05_per_horizon_error.pdf,974db1fde299a4902da7fbb08568d7f9609f06e38fffe99bc28ac7f2a8b39f68,20486,2026-05-06T10:36:13.519934+00:00
reports/figures/main/fig_05_per_horizon_error.png,59beb5c081a6488026005d8cba8a2f5cede9dea81e1c8dc202fd3715c1ab85f6,185427,2026-05-06T10:36:13.606647+00:00
reports/figures/main/fig_06_faithfulness_aopc_by_k.pdf,f6dc5d93886cfbeb9ebaf735377658fcd5c40c76ebb50b8286812bb6cc9482fc,20406,2026-05-06T10:36:13.813180+00:00
reports/figures/main/fig_06_faithfulness_aopc_by_k.png,c5bc11eea403572fbb17b59b139b5d79d282c44b7e055bd71b6abb87bb0e48d1,183443,2026-05-06T10:36:13.923867+00:00
reports/figures/main/fig_07_xai_agreement_heatmap.pdf,87754f3934b509b5e0582e36f164c4e5c28a9b704d1cccafa5a4ae1120d9941f,20639,2026-05-06T10:36:14.177442+00:00
reports/figures/main/fig_07_xai_agreement_heatmap.png,7b6b115c74b981a5f0f5aadb93b0963c46ae0a615dbd8ea7a1c86aa8111e999e,89586,2026-05-06T10:36:14.289829+00:00
reports/figures/main/fig_08_performance_interpretability_tradeoff.pdf,2e76ac2095224077d81e8649def45dddb8592f4dc7ef5af7001478aaa148b6a1,20078,2026-05-06T10:36:14.443073+00:00
reports/figures/main/fig_08_performance_interpretability_tradeoff.png,e433b5f0f38919bbfe7eccf42a72b4aa871ab4978b0d26377a3d78fb68502966,136443,2026-05-06T10:36:14.541953+00:00
reports/figures/main/fig_09_model_complexity.pdf,7fe75289967465a42d21dfa76b75e630bd41fcce2fadbb4228dd35ae0318c2f9,19569,2026-05-06T10:36:14.844539+00:00
reports/figures/main/fig_09_model_complexity.png,34346a7c5d4884e3eb509975da7fae52c0a4e30ccd98808aa50eac31b08afb9f,137315,2026-05-06T10:36:14.995044+00:00
results/bachelor_safe_v2/bootstrap_block_sensitivity.csv,dc8941fffe6c25891f4958904030dc2c115b3b7e1d6b6384bd768cb2d0a0c2de,3520,2026-05-06T10:31:27.365690+00:00
results/bachelor_safe_v2/bootstrap_intervals.csv,a01a66ec0bd7b03e0f7aad54dc5d8aa249f6149c6e6a0b3e78ef9145cd701aab,1269,2026-05-06T10:31:27.365690+00:00
results/bachelor_safe_v2/complexity_metrics.csv,bb384e433e9c4b5bdce3cc47459771b5dda855e22479511b38fcb6eedb0b25f6,447,2026-05-06T10:31:21.941068+00:00
results/bachelor_safe_v2/faithfulness_aopc.csv,ba6c15a1e48f366abe0041ccda90f8c892e47778fe0d2df164f1a392ddfdca13,730,2026-05-06T10:36:02.271590+00:00
results/bachelor_safe_v2/faithfulness_aopc_per_k.csv,950e5d53271aa8d341bc5b8efb3964fa04015d19726d35e8210e9e91ab25b29c,6183,2026-05-06T10:36:02.272591+00:00
results/bachelor_safe_v2/multi_seed_fair_baseline.csv,17125832bc4e87005f02894773ba5e3c058c4932188c6848128284674fb82665,693,2026-05-06T09:55:30.149247+00:00
results/bachelor_safe_v2/occlusion_importance.csv,7fad72b81132404c1c8396da7bc3a671317138805627b95c9c48597a99703bd6,5356,2026-05-06T10:33:03.533090+00:00
results/bachelor_safe_v2/per_horizon_metrics.csv,faa45c59d8fa63538754a07cff338ed6cf940a7f4619a559a61e9b4b11270425,7739,2026-05-06T10:31:18.100472+00:00
results/bachelor_safe_v2/per_seed_metrics.csv,55d764e12f8023dd37330e9e64e25604b0fa303366f5bea517d85f8705818610,1097,2026-05-06T10:31:21.937070+00:00
results/bachelor_safe_v2/preds_lr.npy,e7d5f1e10fc2b1dfb4e588730642923e1611ee775578696b7352d3f6852f82f2,4522688,2026-05-06T10:31:01.184680+00:00
results/bachelor_safe_v2/preds_lstm_seed1024.npy,bf9ec7bf4115ce7b9d9fc26aa75d04de2ecee8be2d19319be94ec30c807838f9,2261408,2026-05-06T10:31:01.478938+00:00
results/bachelor_safe_v2/preds_lstm_seed123.npy,61ab0f3b4281ec26c344cb3c5a9f274491a8e2335145b9e060fcbc3fb2a9de99,2261408,2026-05-06T10:31:01.312792+00:00
results/bachelor_safe_v2/preds_lstm_seed42.npy,936859049136a4343b1c392f3f43073c55efcfc293717787a52c70750cad478b,2261408,2026-05-06T10:31:01.258249+00:00
results/bachelor_safe_v2/preds_lstm_seed456.npy,6eccd218ce65ce61d854007c12168f9f54d4071f37511ae0cca58dff5887a08a,2261408,2026-05-06T10:31:01.373841+00:00
results/bachelor_safe_v2/preds_lstm_seed789.npy,d4de5c74d86d6a502504d88b47e2bd0f7ac9571d8a382ea9ef3e06646d60c393,2261408,2026-05-06T10:31:01.427891+00:00
results/bachelor_safe_v2/preds_mlp_seed1024.npy,659ebdd56183e52b421c2c50d717bb1c75c749e724e2529fec412d8079c3c3c3,2261408,2026-05-06T10:31:01.434891+00:00
results/bachelor_safe_v2/preds_mlp_seed123.npy,09c4756d4b7ac10959bd57a88f391e20c453961aef77d500a6feb85ab96cd484,2261408,2026-05-06T10:31:01.264751+00:00
results/bachelor_safe_v2/preds_mlp_seed42.npy,610961cb4628865c3c9c4158d8969e1614880f582b7adf6f365876e495609858,2261408,2026-05-06T10:31:01.203692+00:00
results/bachelor_safe_v2/preds_mlp_seed456.npy,3b28b068483f21b6dd564bb8f366a0fc0676e4274418042e099db771ca59a57c,2261408,2026-05-06T10:31:01.319300+00:00
results/bachelor_safe_v2/preds_mlp_seed789.npy,a2a62ea7a6651d984af891507f131b815959fe871a2a11a4d0de4a39efa7724d,2261408,2026-05-06T10:31:01.380348+00:00
results/bachelor_safe_v2/preds_tft_seed1024.npy,b660ef68ca4817b8f62c6d118e6b7beac4e31fbb472dfadc8a32d6d2358776cb,2261408,2026-05-06T10:31:14.046509+00:00
results/bachelor_safe_v2/preds_tft_seed123.npy,b41313640c7f004ecdf075eeabeaaaa99d737819b8b3a66256426ff2c4a1b36c,2261408,2026-05-06T10:31:07.293331+00:00
results/bachelor_safe_v2/preds_tft_seed42.npy,b19fd6684fb332a0577d55530e1218d4faa3487dbf6073703c73dac1c59ebf17,2261408,2026-05-06T10:31:05.250156+00:00
results/bachelor_safe_v2/preds_tft_seed456.npy,e0fe057b26ec45dbcab98cf6d647f94092368846b6bdb1f0b95f8aebbab0a12f,2261408,2026-05-06T10:31:09.444529+00:00
results/bachelor_safe_v2/preds_tft_seed789.npy,5a2653f927607aa4e7f5009b2b16bf55bfff82968d0fdb00e0089a08cf83b6eb,2261408,2026-05-06T10:31:11.723867+00:00
results/bachelor_safe_v2/runtime_seconds.csv,0413b3521d90ba6d8d9381e7899bbe83c07b20c11defe3719fe3acaf3713b1ed,341,2026-05-06T10:30:56.701791+00:00
results/bachelor_safe_v2/tft_importance.csv,b846076ab9222c964c8f0ec3d8764a3424b2fb15ab97b605283bae9a253d7cae,988,2026-05-06T10:30:56.699791+00:00
results/bachelor_safe_v2/tft_metrics.csv,8defcfebcba997dcc3150119b7887098a30f7d8609eed2f8dbe6e41715717cee,1216,2026-05-06T10:30:56.696788+00:00
results/bachelor_safe_v2/tft_summary.csv,9859c7c591b6330ac8db52ca1438b570daf0df414c8e1ee8fd233208fc5f0a62,489,2026-05-06T10:30:56.697790+00:00
results/bachelor_safe_v2/tft_training_curves.csv,0a4fc7802e78917645dd8a538c62fd323a2544c15aa30292b6aab01157857126,6494,2026-05-06T10:30:56.698790+00:00
results/bachelor_safe_v2/trade_off_data.csv,06329460e2049b4cef4f0c7cc3e77a154d7df786a80249083774a9473e2228ff,172,2026-05-06T10:36:09.828332+00:00
results/bachelor_safe_v2/training_curves.csv,272a97305d7a9534dd2ce2d029e919d705de316f17c2132543c256162266c211,11686,2026-05-06T09:55:30.148247+00:00
results/bachelor_safe_v2/xai_agreement_occlusion.csv,81cf84f0d2504e670b73c2c753cf98716c536e06dd0e0c6612510e05803ddf4a,271,2026-05-06T21:28:00.440598+00:00
