model,horizon,mse,mae,rmse,seed_count,seed_std_mse
LR,1,2.275201643668651,0.7991085937524086,1.508377155643989,1,0.0
LR,2,3.8351713695614906,1.039628917161464,1.958359356594568,1,0.0
LR,3,5.182610532129841,1.2069311391582833,2.276534764094289,1,0.0
LR,4,6.335352947059949,1.3287733690582328,2.5170127029993212,1,0.0
LR,5,7.118434099635949,1.4027184019377295,2.668039373704209,1,0.0
LR,6,7.630312265382991,1.447109234819152,2.7623019866377736,1,0.0
LR,7,7.956601121917609,1.4730694641878612,2.8207447814216744,1,0.0
LR,8,8.166891873168709,1.4947551736432771,2.8577774359051666,1,0.0
LR,9,8.277525358128852,1.5105867344939246,2.8770688831046174,1,0.0
LR,10,8.344264550140633,1.526034677715521,2.8886440677488516,1,0.0
LR,11,8.387293145852542,1.5373141811608078,2.896082378982432,1,0.0
LR,12,8.42068292947852,1.5439780906839178,2.9018412998436904,1,0.0
LR,13,8.459697423374347,1.550698638588238,2.9085558999913252,1,0.0
LR,14,8.468532201236384,1.5537600862941559,2.9100742604332943,1,0.0
LR,15,8.469570703842235,1.557078720084184,2.910252687283741,1,0.0
LR,16,8.472076055440057,1.5608696237245978,2.9106830908637336,1,0.0
LR,17,8.490619851442364,1.5653580120217239,2.913866821157474,1,0.0
LR,18,8.498802592905415,1.56817692980134,2.9152705865674657,1,0.0
LR,19,8.51142791722589,1.5738668789118406,2.9174351607577997,1,0.0
LR,20,8.510412968786147,1.5786509354532459,2.9172612102426045,1,0.0
LR,21,8.500962544670141,1.5812480692391977,2.9156410177986833,1,0.0
LR,22,8.484739641913167,1.58338951729661,2.912857641889347,1,0.0
LR,23,8.485304120483848,1.5851121408901478,2.9129545345720467,1,0.0
LR,24,8.568875238718924,1.5943077970495285,2.9272641217899906,1,0.0
MLP,1,4.805666148580683,1.3757029270715329,2.1884186675882167,3,0.7024265213365547
MLP,2,5.743974884777355,1.4596883373320442,2.3959161701198113,3,0.3524792359541472
MLP,3,7.099520153358757,1.6029800401761989,2.663361381331734,3,0.5072763721183078
MLP,4,7.851423395029315,1.6550616824851734,2.80116823234177,3,0.48205282856422293
MLP,5,8.450421480511134,1.6920743585753344,2.9069229781052086,3,0.10552611209634474
MLP,6,8.901384670358938,1.7255220908674005,2.983492114097641,3,0.09225469734943861
MLP,7,9.339733785339831,1.7682692483618159,3.0559614878053663,3,0.21678716177428287
MLP,8,9.765920172167101,1.8115024331159775,3.1250125748660325,3,0.11276958373963145
MLP,9,9.774990520008712,1.8074638588877818,3.1263570974789325,3,0.2281677055383429
MLP,10,9.823490858514287,1.8190278700691762,3.13382328481168,3,0.39396558078220495
MLP,11,10.108871507202545,1.8535750991565658,3.179024855419357,3,0.4018973992261592
MLP,12,9.955921764166531,1.8523655938110994,3.155096365415666,3,0.2763197815118946
MLP,13,10.415576141352139,1.906456925646961,3.227303403793051,3,0.07456968429695207
MLP,14,10.080529532100973,1.8693288337475753,3.174709710853898,3,0.32645630210607157
MLP,15,10.190581761157452,1.876408924249663,3.19224924568045,3,0.0880383667180507
MLP,16,9.929335103096639,1.8522441301791333,3.1510138166148436,3,0.16347226942788426
MLP,17,10.269824036464332,1.9006911250243388,3.204470223219578,3,0.27228519152769665
MLP,18,10.269120961352451,1.892875911623703,3.2043978519658665,3,0.241861298618682
MLP,19,10.391285676441184,1.8986443625781393,3.2234003047000983,3,0.2461714183673082
MLP,20,10.876854731067377,1.9590646995428618,3.2978756456375415,3,0.2376801837388914
MLP,21,10.360786113306517,1.9028933761345936,3.218375615146275,3,0.4180547541365121
MLP,22,10.110236306746664,1.853013410273433,3.1786211692306803,3,0.632689082671629
MLP,23,9.946638698330414,1.8613206277664949,3.1535277809415736,3,0.3355475959887345
MLP,24,10.115976929942445,1.8759666954678789,3.1803481376802814,3,0.2869633430954775
LSTM,1,7.158486165751494,1.6577002885233314,2.6722242961870424,3,0.8717671917859999
LSTM,2,9.561213271512761,1.8933628512047485,3.0892705823453617,3,1.0176174973134093
LSTM,3,11.346424916498123,2.024460644748309,3.3678299659339466,3,0.5329658448840723
LSTM,4,12.745307898723176,2.137063674804564,3.56967678966644,3,0.455104549186336
LSTM,5,13.327277610013377,2.1861895216568192,3.6506040315138626,3,0.17152464610046328
LSTM,6,13.441968648951018,2.183398719631651,3.6657449052515534,3,0.5842239726945728
LSTM,7,14.017997497677621,2.2492848827722995,3.7433402040814374,3,0.6745519002720648
LSTM,8,13.875776894656154,2.2401415805094764,3.7241588474263505,3,0.7306306719729259
LSTM,9,13.50231657153775,2.224712490840894,3.67425673931238,3,0.4178951086864035
LSTM,10,13.667797151947989,2.251649115662317,3.6963421966343346,3,0.6289193562237654
LSTM,11,13.322199471376493,2.227531314809317,3.648899443822834,3,0.7858086098762043
LSTM,12,13.420749849830338,2.2383288808040596,3.6621984052384264,3,0.8576762654350407
LSTM,13,13.45789370863111,2.256494111381332,3.6682394271311374,3,0.39462023489223963
LSTM,14,13.576368316564567,2.2761970506621325,3.684075935368296,3,0.5707429966813303
LSTM,15,13.311891597749693,2.251918205527216,3.6482944744108288,3,0.3838405555763562
LSTM,16,13.360255858155325,2.2523008439500063,3.655108648927543,3,0.1867027684658327
LSTM,17,13.209175562464319,2.2286758047221813,3.6344326461378196,3,0.07699679800522752
LSTM,18,13.198366867550128,2.227179172729405,3.6328872711120557,3,0.1983687587093853
LSTM,19,12.970073992383348,2.1977280521558176,3.601375907321381,3,0.11338693646077308
LSTM,20,12.885913967329941,2.200490006611725,3.5894543805828394,3,0.36732621970673907
LSTM,21,12.420682970533287,2.1369773214127634,3.5242267550184736,3,0.19513119755515407
LSTM,22,12.327082137583153,2.126647936875614,3.510875572195385,3,0.2489510936384297
LSTM,23,12.18061423329093,2.1184090387898578,3.490019615062518,3,0.16575117532988393
LSTM,24,12.718839564810947,2.1616030714584507,3.566101582780735,3,0.3678352612166055
TFT,1,9.497739171723909,1.9966153432672102,3.081580104435767,3,0.30362513044254935
TFT,2,11.034933225175692,2.126113876311989,3.3212299362548094,3,0.5410871123235835
TFT,3,12.54536807763394,2.2299726912345688,3.541431276308114,3,0.5258610509479755
TFT,4,13.75292986197868,2.297652234981394,3.708149755537857,3,0.4613477511824009
TFT,5,14.568630388299278,2.340148796439258,3.8165584720543766,3,0.47066936896608635
TFT,6,15.01730659914459,2.365559077124455,3.8747516606784607,3,0.5723594509279812
TFT,7,15.253580213006709,2.3837275737936725,3.90486573237918,3,0.7179268533537729
TFT,8,15.340494238951601,2.392863001138939,3.915733713022006,3,0.832697465252829
TFT,9,15.285872342111958,2.3929250350164817,3.908717761512836,3,0.8455867927792319
TFT,10,15.156978729116885,2.3881295643201375,3.892391717525442,3,0.7558384489546472
TFT,11,15.000338607157317,2.3799321492669283,3.872383125778141,3,0.6725420388098526
TFT,12,14.838963072219643,2.3697071808578545,3.851531716184328,3,0.6482560698807772
TFT,13,14.66925214555161,2.3580888341935875,3.829366184512134,3,0.6813101155425392
TFT,14,14.518821984513295,2.3460793254419428,3.809545631081209,3,0.7382920919383185
TFT,15,14.417245918473816,2.337540399238342,3.7961005679175783,3,0.7738803669017312
TFT,16,14.363242501397343,2.3341647620502983,3.7889305925149284,3,0.7916880774925631
TFT,17,14.350271820292711,2.333386012767641,3.7872073907391752,3,0.794653273746968
TFT,18,14.334529932588168,2.331359675003359,3.785111197317035,3,0.8008881532300284
TFT,19,14.316935817626389,2.328930854168673,3.782758617204859,3,0.8121726050086499
TFT,20,14.32665999170888,2.3291924319401964,3.7839391305752863,3,0.8546758345475616
TFT,21,14.3807063715697,2.3337295711069728,3.7908843245530264,3,0.9278002895135633
TFT,22,14.444512410657135,2.3381952017442615,3.7991171698429276,3,0.991615772108357
TFT,23,14.49047314943216,2.340806116632098,3.8052193039843942,3,0.9750612482471525
TFT,24,14.567853071713612,2.3461647096390137,3.8156100168083853,3,0.8929935765081981
